Workbook

Sheet Feuil1
E6: SILIOS (T) | N6: PALETTE CG (T)
E7: 55 cal S1 | G7: CPJ45 S2 | I7: 55 PM S3 | K7: CPJ55 Cal S4 | M7: Total | N7: DWAM 55 | P7: Perfecto tn | R7: SWARI CPJ45 | T7: CPJ 55 PM | V7: Total
E8: Stock | F8: Variation quotidienne | G8: Stock | H8: Variation quotidienne | I8: Stock | J8: Variation quotidienne | K8: Stock | L8: Variation quotidienne | N8: Stock | O8: Variation quotidienne | P8: Stock | Q8: Variation quotidienne | R8: Stock | S8: Variation quotidienne | T8: Stock | U8: Variation quotidienne
D9: 46113 | E9: 3774 | F9: 3774 | G9: 4497 | H9: 4497 | I9: 921 | J9: 921 | K9: 3659 | L9: 3659 | M9: =E9+G9+I9+K9 -> 12851 | N9: 160 | O9: 160 | P9: 191 | Q9: 191 | R9: 319 | S9: 319 | T9: 41.85 | U9: 41.85 | V9: =N9+P9+R9+T9 -> 711.85
D10: 46114 | E10: 3315 | F10: =E10-E9 -> -459 | G10: 4384 | H10: =G10-G9 -> -113 | I10: 1031 | J10: =I10-I9 -> 110 | K10: 4806 | L10: =K10-K9 -> 1147 | M10: =E10+G10+I10+K10 -> 13536 | N10: 345 | O10: =N10-N9 -> 185 | P10: 123 | Q10: =P10-P9 -> -68 | R10: 250 | S10: =R10-R9 -> -69 | T10: 32.4 | U10: =T10-T9 -> -9.45 | V10: =N10+P10+R10+T10 -> 750.4
D11: 46115 | E11: 2856 | F11: =E11-E10 -> -459 | G11: 3708 | H11: =G11-G10 -> -676 | I11: 711 | J11: =I11-I10 -> -320 | K11: 4691 | L11: =K11-K10 -> -115 | M11: =E11+G11+I11+K11 -> 11966 | N11: 276 | O11: =N11-N10 -> -69 | P11: 176.38 | Q11: =P11-P10 -> 53.38 | R11: 317.5 | S11: =R11-R10 -> 67.5 | T11: 26.55 | U11: =T11-T10 -> -5.85 | V11: =N11+P11+R11+T11 -> 796.43
D12: 46116 | E12: 2397 | F12: =E12-E11 -> -459 | G12: 2806 | H12: =G12-G11 -> -902 | I12: 2411 | J12: =I12-I11 -> 1700 | K12: 3430 | L12: =K12-K11 -> -1261 | M12: =E12+G12+I12+K12 -> 11044 | N12: 140 | O12: =N12-N11 -> -136 | P12: 208.78 | Q12: =P12-P11 -> 32.4 | R12: 574 | S12: =R12-R11 -> 256.5 | T12: 26.55 | U12: =T12-T11 -> 0 | V12: =N12+P12+R12+T12 -> 949.33
D13: 46118 | E13: 1364 | F13: =E13-E12 -> -1033 | G13: 4159 | H13: =G13-G12 -> 1353 | I13: 2411 | J13: =I13-I12 -> 0 | K13: 5265 | L13: =K13-K12 -> 1835 | M13: =E13+G13+I13+K13 -> 13199 | N13: 206 | O13: =N13-N12 -> 66 | P13: 251.5 | Q13: =P13-P12 -> 42.72 | R13: 401 | S13: =R13-R12 -> -173 | T13: 26.55 | U13: =T13-T12 -> 0 | V13: =N13+P13+R13+T13 -> 885.05
D14: 46119 | E14: 2512 | F14: =E14-E13 -> 1148 | G14: 2693 | H14: =G14-G13 -> -1466 | I14: 1834 | J14: =I14-I13 -> -577 | K14: 4118 | L14: =K14-K13 -> -1147 | M14: =E14+G14+I14+K14 -> 11157 | N14: 227 | O14: =N14-N13 -> 21 | P14: 215 | Q14: =P14-P13 -> -36.5 | R14: 364 | S14: =R14-R13 -> -37 | T14: 17.1 | U14: =T14-T13 -> -9.45 | V14: =N14+P14+R14+T14 -> 823.1
D15: 46120 | E15: 3200 | F15: =E15-E14 -> 688 | G15: 2017 | H15: =G15-G14 -> -676 | I15: 1372 | J15: =I15-I14 -> -462 | K15: 3774 | L15: =K15-K14 -> -344 | M15: =E15+G15+I15+K15 -> 10363 | N15: 205 | O15: =N15-N14 -> -22 | P15: 236.83 | Q15: =P15-P14 -> 21.83 | R15: 283 | S15: =R15-R14 -> -81 | T15: 17.1 | U15: =T15-T14 -> 0 | V15: =N15+P15+R15+T15 -> 741.93
D16: 46121 | E16: 3544 | F16: =E16-E15 -> 344 | G16: 1228 | H16: =G16-G15 -> -789 | I16: 1031 | J16: =I16-I15 -> -341 | K16: 3430 | L16: =K16-K15 -> -344 | M16: =E16+G16+I16+K16 -> 9233 | N16: 400 | O16: =N16-N15 -> 195 | P16: 0 | Q16: =P16-P15 -> -236.83 | R16: 446 | S16: =R16-R15 -> 163 | T16: 14.18 | U16: =T16-T15 -> -2.92 | V16: =N16+P16+R16+T16 -> 860.18
D17: 46122 | E17: 2971 | F17: =E17-E16 -> -573 | G17: 2017 | H17: =G17-G16 -> 789 | I17: 0 | J17: =I17-I16 -> -1031 | K17: 2741 | L17: =K17-K16 -> -689 | M17: =E17+G17+I17+K17 -> 7729 | N17: 371 | O17: =N17-N16 -> -29 | P17: 239.53 | Q17: =P17-P16 -> 239.53 | R17: 788 | S17: =R17-R16 -> 342 | T17: 109.68 | U17: =T17-T16 -> 95.5 | V17: =N17+P17+R17+T17 -> 1508.21
D18: 46123 | E18: 1938 | F18: =E18-E17 -> -1033 | G18: 1453 | H18: =G18-G17 -> -564 | I18: 1949 | J18: =I18-I17 -> 1949 | K18: 2282 | L18: =K18-K17 -> -459 | M18: =E18+G18+I18+K18 -> 7622 | N18: 679 | O18: =N18-N17 -> 308 | P18: 252.35 | Q18: =P18-P17 -> 12.82 | R18: 516 | S18: =R18-R17 -> -272 | T18: 90.78 | U18: =T18-T17 -> -18.9 | V18: =N18+P18+R18+T18 -> 1538.13
D19: 46125 | E19: 1137 | F19: =E19-E18 -> -801 | G19: 1007 | H19: =G19-G18 -> -446 | I19: 814 | J19: =I19-I18 -> -1135 | K19: 3888 | L19: =K19-K18 -> 1606 | M19: =E19+G19+I19+K19 -> 6846 | N19: 303 | O19: =N19-N18 -> -376 | P19: 172.93 | Q19: =P19-P18 -> -79.42 | R19: 555 | S19: =R19-R18 -> 39 | T19: 84.93 | U19: =T19-T18 -> -5.85 | V19: =N19+P19+R19+T19 -> 1115.86
D20: 46126 | E20: 809 | F20: =E20-E19 -> -328 | G20: 2581 | H20: =G20-G19 -> 1574 | I20: 2873 | J20: =I20-I19 -> 2059 | K20: 2168 | L20: =K20-K19 -> -1720 | M20: =E20+G20+I20+K20 -> 8431 | N20: 440 | O20: =N20-N19 -> 137 | P20: 211.63 | Q20: =P20-P19 -> 38.7 | R20: 170 | S20: =R20-R19 -> -385 | T20: 75.48 | U20: =T20-T19 -> -9.45 | V20: =N20+P20+R20+T20 -> 897.11
D21: 46127 | E21: 0 | F21: =E21-E20 -> -809 | G21: 795 | H21: =G21-G20 -> -1786 | I21: 1488 | J21: =I21-I20 -> -1385 | K21: 1938 | L21: =K21-K20 -> -230 | M21: =E21+G21+I21+K21 -> 4221 | N21: 108 | O21: =N21-N20 -> -332 | P21: 279.58 | Q21: =P21-P20 -> 67.95 | R21: 408 | S21: =R21-R20 -> 238 | T21: 75.48 | U21: =T21-T20 -> 0 | V21: =N21+P21+R21+T21 -> 871.06
... D24: 46130 | E24: 1823 | F24: =E24-E23 -> 1116 | G24: 88 | H24: =G24-G23 -> -509 | I24: 48 | J24: =I24-I23 -> -766 | K24: 1250 | L24: =K24-K23 -> 113 | M24: =E24+G24+I24+K24 -> 3209 | N24: 143 | O24: =N24-N23 -> -12 | P24: 276.88 | Q24: =P24-P23 -> 15.75 | R24: 467 | S24: =R24-R23 -> 184 | T24: 52.53 | U24: =T24-T23 -> -11.47 | V24: =N24+P24+R24+T24 -> 939.41
D25: 46132 | E25: 1709 | F25: =E25-E24 -> -114 | G25: =(G24+G26)/2 -> 58 | H25: =G25-G24 -> -30 | I25: 1719 | J25: =I25-I24 -> 1671 | K25: 1938 | L25: =K25-K24 -> 688 | M25: =E25+G25+I25+K25 -> 5424 | N25: 168 | O25: =N25-N24 -> 25 | P25: 241 | Q25: =P25-P24 -> -35.88 | R25: 468 | S25: =R25-R24 -> 1 | T25: 47.58 | U25: =T25-T24 -> -4.95 | V25: =N25+P25+R25+T25 -> 924.58
D26: 46133 | E26: 1346 | F26: =E26-E25 -> -363 | G26: 28 | H26: =G26-G25 -> -30 | I26: 1257 | J26: =I26-I25 -> -462 | K26: 2512 | L26: =K26-K25 -> 574 | M26: =E26+G26+I26+K26 -> 5143 | N26: 368 | O26: =N26-N25 -> 200 | P26: 179.35 | Q26: =P26-P25 -> -61.65 | R26: =(R25+R27)/2 -> 311.5 | S26: =R26-R25 -> -156.5 | T26: 47.58 | U26: =T26-T25 -> 0 | V26: =N26+P26+R26+T26 -> 906.43
D27: 46134 | E27: 1250 | F27: =E27-E26 -> -96 | G27: 0 | H27: =G27-G26 -> -28 | I27: 428 | J27: =I27-I26 -> -829 | K27: 2397 | L27: =K27-K26 -> -115 | M27: =E27+G27+I27+K27 -> 4075 | N27: 222.5 | O27: =N27-N26 -> -145.5 | P27: 0 | Q27: =P27-P26 -> -179.35 | R27: 155 | S27: =R27-R26 -> -156.5 | T27: 137.9 | U27: =T27-T26 -> 90.32 | V27: =N27+P27+R27+T27 -> 515.4
D28: 46135 | E28: 1250 | F28: =E28-E27 -> 0 | G28: 0 | H28: =G28-G27 -> 0 | I28: 0 | J28: =I28-I27 -> -428 | K28: 2053 | L28: =K28-K27 -> -344 | M28: =E28+G28+I28+K28 -> 3303 | N28: 223 | O28: =N28-N27 -> 0.5 | P28: 137.43 | Q28: =P28-P27 -> 137.43 | R28: 264 | S28: =R28-R27 -> 109 | T28: 137.9 | U28: =T28-T27 -> 0 | V28: =N28+P28+R28+T28 -> 762.33
D29: 46136 | E29: 426 | F29: =E29-E28 -> -824 | G29: 0 | H29: =G29-G28 -> 0 | I29: 814 | J29: =I29-I28 -> 814 | K29: 2168 | L29: =K29-K28 -> 115 | M29: =E29+G29+I29+K29 -> 3408 | N29: 472 | O29: =N29-N28 -> 249 | P29: 298.53 | Q29: =P29-P28 -> 161.1 | R29: 164 | S29: =R29-R28 -> -100 | T29: 132.05 | U29: =T29-T28 -> -5.85 | V29: =N29+P29+R29+T29 -> 1066.58
D30: 46137 | E30: 0 | F30: =E30-E29 -> -426 | G30: 0 | H30: =G30-G29 -> 0 | I30: 90 | J30: =I30-I29 -> -724 | K30: 2741 | L30: =K30-K29 -> 573 | M30: =E30+G30+I30+K30 -> 2831 | N30: 786 | O30: =N30-N29 -> 314 | P30: 294.03 | Q30: =P30-P29 -> -4.5 | R30: 70 | S30: =R30-R29 -> -94 | T30: 132.05 | U30: =T30-T29 -> 0 | V30: =N30+P30+R30+T30 -> 1282.08
D31: 46139 | E31: 2282 | F31: =E31-E30 -> 2282 | G31: 1453 | H31: =G31-G30 -> 1453 | I31: 2065 | J31: =I31-I30 -> 1975 | K31: 2626 | L31: =K31-K30 -> -115 | M31: =E31+G31+I31+K31 -> 8426 | N31: 283 | O31: =N31-N30 -> -503 | P31: 159.5 | Q31: =P31-P30 -> -134.53 | R31: 375 | S31: =R31-R30 -> 305 | T31: 132.05 | U31: =T31-T30 -> 0 | V31: =N31+P31+R31+T31 -> 949.55
D32: 46140 | E32: 2626 | F32: =E32-E31 -> 344 | G32: 1007 | H32: =G32-G31 -> -446 | I32: 1257 | J32: =I32-I31 -> -808 | K32: 2626 | L32: =K32-K31 -> 0 | M32: =E32+G32+I32+K32 -> 7516 | N32: 267 | O32: =N32-N31 -> -16 | P32: 252.43 | Q32: =P32-P31 -> 92.93 | R32: 221 | S32: =R32-R31 -> -154 | T32: 122.6 | U32: =T32-T31 -> -9.45 | V32: =N32+P32+R32+T32 -> 863.03
E34: 55 cal S1 | G34: 55 cal S1 | I34: 55 PM S3 | K34: CPJ55 Cal S4 | N34: DWAM 55 | P34: Perfecto tn | R34: SWARI CPJ45 | T34: CPJ 55 PM
E35: Min | F35: =MIN(E9:E32) -> 0 | G35: Min | H35: =MIN(G9:G32) -> 0 | I35: Min | J35: =MIN(I2:I26) -> 0 | K35: Min | L35: =MIN(K2:K26) -> 1137 | N35: Min | O35: =MIN(N2:N26) -> 108 | P35: Min | Q35: =MIN(P2:P26) -> 0 | R35: Min | S35: =MIN(R2:R26) -> 170 | T35: Min | U35: =MIN(T2:T26) -> 14.18
E36: Max | F36: =MAX(E9:E32) -> 3774 | G36: Max | H36: =MAX(G9:G32) -> 4497 | I36: Max | J36: =MAX(I2:I26) -> 2873 | K36: Max | L36: =MAX(K2:K26) -> 5265 | N36: Max | O36: =MAX(N2:N26) -> 679 | P36: Max | Q36: =MAX(P2:P26) -> 335.83 | R36: Max | S36: =MAX(R2:R26) -> 788 | T36: Max | U36: =MAX(T2:T26) -> 109.68
E37: Moyenne | F37: =AVERAGE(E9:E32) -> 1844.2083 | G37: Moyenne | H37: =AVERAGE(G9:G32) -> 1593.9583 | I37: Moyenne | J37: =AVERAGE(I2:I26) -> 1305.4444 | K37: Moyenne | L37: =AVERAGE(K2:K26) -> 3015.3889 | N37: Moyenne | O37: =AVERAGE(N2:N26) -> 270.88889 | P37: Moyenne | Q37: =AVERAGE(P2:P26) -> 214.03889 | R37: Moyenne | S37: =AVERAGE(R2:R26) -> 409.5 | T37: Moyenne | U37: =AVERAGE(T2:T26) -> 50.795556
E38: Ecartype | F38: =STDEV(E9:E32) -> 1103.8417 | G38: Ecartype | H38: =STDEV(G9:G32) -> 1489.2955 | I38: Ecartype | J38: =STDEV(I2:I26) -> 784.71083 | K38: Ecartype | L38: =STDEV(K2:K26) -> 1284.595 | N38: Ecartype | O38: =STDEV(N2:N26) -> 144.00526 | P38: Ecartype | Q38: =STDEV(P2:P26) -> 72.371529 | R38: Ecartype | S38: =STDEV(R2:R26) -> 144.65862 | T38: Ecartype | U38: =STDEV(T2:T26) -> 28.300676

Sheet Graphiques Analyse

Sheet Feuille de calcul
C2: SILIOS (T) | G2: PALETTE CG (T) | K2: CLINKER (m)
B3: Produit | C3: 55 cal S1 | D3: CPJ45 S2 | E3: 55 PM S3 | F3: CPJ55 Cal S4 | G3: DWAM 55 | H3: Perfecto | I3: SWARI CPJ45 | J3: CPJ 55 PM | K3: Silo 1 | L3: Incuit 1 | M3: Silo 2 | N3: Incuit 2 | O3: Stock Clinker
B4: Conso moy/jour | C4: =ABS(AVERAGE(Feuil1!F9:F32)) -> 109.41667 | D4: =ABS(AVERAGE(Feuil1!H9:H32)) -> 41.958333 | E4: =ABS(AVERAGE(Feuil1!J9:J32)) -> 52.375 | F4: =ABS(AVERAGE(Feuil1!L9:L32)) -> 109.41667 | G4: =ABS(AVERAGE(Feuil1!O9:O32)) -> 11.125 | H4: =ABS(AVERAGE(Feuil1!Q9:Q32)) -> 10.517917 | I4: =ABS(AVERAGE(Feuil1!S9:S32)) -> 9.2083333 | J4: =ABS(AVERAGE(Feuil1!U9:U32)) -> 5.1083333 | K4: =ABS(AVERAGE(Feuil1!#REF!)) -> #REF! | L4: =ABS(AVERAGE(Feuil1!#REF!)) -> #REF! | M4: =ABS(AVERAGE(Feuil1!#REF!)) -> #REF! | N4: =ABS(AVERAGE(Feuil1!#REF!)) -> #REF! | O4: =ABS(AVERAGE(Feuil1!#REF!)) -> #REF!
B5: Stock actuel | C5: =Feuil1!E32 -> 2626 | D5: =Feuil1!G32 -> 1007 | E5: =Feuil1!I32 -> 1257 | F5: =Feuil1!K32 -> 2626 | G5: =Feuil1!N32 -> 267 | H5: =Feuil1!P32 -> 252.43 | I5: =Feuil1!R32 -> 221 | J5: =Feuil1!T32 -> 122.6 | K5: =Feuil1!#REF! -> #REF! | L5: =Feuil1!#REF! -> #REF! | M5: =Feuil1!#REF! -> #REF! | N5: =Feuil1!#REF! -> #REF! | O5: =Feuil1!#REF! -> #REF! | Q5: Le délai de réapprovisionnement
B6: Stock minimum | C6: =C4*3 -> 328.25 | D6: =D4*3 -> 125.875 | E6: =E4*3 -> 157.125 | F6: =F4*3 -> 328.25 | G6: =G4*3 -> 33.375 | H6: =H4*3 -> 31.55375 | I6: =I4*3 -> 27.625 | J6: =J4*3 -> 15.325 | ... O6: =O4*3 -> #REF! | Q6: 5
B7: Stock sécurité | C7: =C4*$Q$6 -> 547.08333 | D7: =D4*$Q$6 -> 209.79167 | E7: =E4*$Q$6 -> 261.875 | F7: =F4*$Q$6 -> 547.08333 | G7: =G4*$Q$6 -> 55.625 | H7: =H4*$Q$6 -> 52.589583 | I7: =I4*$Q$6 -> 46.041667 | J7: =J4*$Q$6 -> 25.541667 | ... O7: =O4*$Q$6 -> #REF!
B8: Couverture (jours) | C8: =C5/C4 -> 24 | D8: =D5/D4 -> 24 | E8: =E5/E4 -> 24 | F8: =F5/F4 -> 24 | G8: =G5/G4 -> 24 | H8: =H5/H4 -> 24 | I8: =I5/I4 -> 24 | J8: =J5/J4 -> 24 | ... O8: =O5/O4 -> #REF!
B9: Alerte | C9: =IF(C5<C6,"ROUGE",IF(C5<C7,"ORANGE","VERT")) -> VERT | D9: =IF(D5<D6,"ROUGE",IF(D5<D7,"ORANGE","VERT")) -> VERT | E9: =IF(E5<E6,"ROUGE",IF(E5<E7,"ORANGE","VERT")) -> VERT | F9: =IF(F5<F6,"ROUGE",IF(F5<F7,"ORANGE","VERT")) -> VERT | G9: =IF(G5<G6,"ROUGE",IF(G5<G7,"ORANGE","VERT")) -> VERT | H9: =IF(H5<H6,"ROUGE",IF(H5<H7,"ORANGE","VERT")) -> VERT | I9: =IF(I5<I6,"ROUGE",IF(I5<I7,"ORANGE","VERT")) -> VERT | J9: =IF(J5<J6,"ROUGE",IF(J5<J7,"ORANGE","VERT")) -> VERT | ... O9: =IF(O5<O6,"ROUGE",IF(O5<O7,"ORANGE","VERT")) -> #REF!
